opcode,unit,internal op,in1,in2,in3,out,CR in,CR out,inv A,inv out,cry in,cry out,ldst len,BR,sgn ext,upd,rsrv,32b,sgn,rc,lk,sgl pipe,comment,form
0b0100001010,ALU,OP_ADD,RA,RB,NONE,RT,NONE,CR0,0,0,ZERO,0,NONE,0,0,0,0,0,0,RC,0,0,add,XO
0b1100001010,ALU,OP_ADD,RA,RB,NONE,RT,NONE,CR0,0,0,ZERO,0,NONE,0,0,0,0,0,0,RC,0,0,addo,XO
0b0000001010,ALU,OP_ADD,RA,RB,NONE,RT,NONE,CR0,0,0,ZERO,1,NONE,0,0,0,0,0,0,RC,0,0,addc,XO
0b1000001010,ALU,OP_ADD,RA,RB,NONE,RT,NONE,CR0,0,0,ZERO,1,NONE,0,0,0,0,0,0,RC,0,0,addco,XO
0b0010001010,ALU,OP_ADD,RA,RB,NONE,RT,NONE,CR0,0,0,CA,1,NONE,0,0,0,0,0,0,RC,0,0,adde,XO
0b1010001010,ALU,OP_ADD,RA,RB,NONE,RT,NONE,CR0,0,0,CA,1,NONE,0,0,0,0,0,0,RC,0,0,addeo,XO
0b0011101010,ALU,OP_ADD,RA,CONST_M1,NONE,RT,NONE,CR0,0,0,CA,1,NONE,0,0,0,0,0,0,RC,0,0,addme,XO
0b1011101010,ALU,OP_ADD,RA,CONST_M1,NONE,RT,NONE,CR0,0,0,CA,1,NONE,0,0,0,0,0,0,RC,0,0,addmeo,XO
0b0011001010,ALU,OP_ADD,RA,NONE,NONE,RT,NONE,CR0,0,0,CA,1,NONE,0,0,0,0,0,0,RC,0,0,addze,XO
0b1011001010,ALU,OP_ADD,RA,NONE,NONE,RT,NONE,CR0,0,0,CA,1,NONE,0,0,0,0,0,0,RC,0,0,addzeo,XO
0b0000011100,LOGICAL,OP_AND,RS,RB,NONE,RA,NONE,CR0,0,0,ZERO,0,NONE,0,0,0,0,0,0,RC,0,0,and,X
0b0000111100,LOGICAL,OP_AND,RS,RB,NONE,RA,NONE,CR0,1,0,ZERO,0,NONE,0,0,0,0,0,0,RC,0,0,andc,X
0b0011111100,LOGICAL,OP_BPERM,RS,RB,NONE,RA,NONE,NONE,0,0,ZERO,0,NONE,0,0,0,0,0,0,NONE,0,0,bpermd,X
0b0000000000,ALU,OP_CMP,RA,RB,NONE,NONE,NONE,BF,1,0,ONE,0,NONE,0,0,0,0,0,1,NONE,0,0,cmp,X
0b0111111100,LOGICAL,OP_CMPB,RS,RB,NONE,RA,NONE,NONE,0,0,ZERO,0,NONE,0,0,0,0,0,0,NONE,0,0,cmpb,X
0b0011100000,ALU,OP_CMPEQB,RA,RB,NONE,NONE,NONE,BF,0,0,ZERO,0,NONE,0,0,0,0,0,0,NONE,0,0,cmpeqb,X
0b0000100000,ALU,OP_CMP,RA,RB,NONE,NONE,NONE,BF,1,0,ONE,0,NONE,0,0,0,0,0,0,NONE,0,0,cmpl,X
0b0011000000,,,RA,RB,NONE,NONE,NONE,BF,,,,,,,,,,,,,,,cmprb,X
0b0000111010,LOGICAL,OP_CNTZ,RS,NONE,NONE,RA,NONE,CR0,0,0,ZERO,0,NONE,0,0,0,0,0,0,RC,0,0,cntlzd,X
0b0000011010,LOGICAL,OP_CNTZ,RS,NONE,NONE,RA,NONE,CR0,0,0,ZERO,0,NONE,0,0,0,0,1,0,RC,0,0,cntlzw,X
0b1000111010,LOGICAL,OP_CNTZ,RS,NONE,NONE,RA,NONE,CR0,0,0,ZERO,0,NONE,0,0,0,0,0,0,RC,0,0,cnttzd,X
0b1000011010,LOGICAL,OP_CNTZ,RS,NONE,NONE,RA,NONE,CR0,0,0,ZERO,0,NONE,0,0,0,0,1,0,RC,0,0,cnttzw,X
0b1011110011,,,,,RT,,,,,,,,,,,,,,,,,,darn,X
0b0001010110,ALU,OP_NOP,NONE,NONE,NONE,NONE,NONE,NONE,0,0,ZERO,0,NONE,0,0,0,0,0,0,NONE,0,1,dcbf,X
0b0000110110,ALU,OP_NOP,NONE,NONE,NONE,NONE,NONE,NONE,0,0,ZERO,0,NONE,0,0,0,0,0,0,NONE,0,1,dcbst,X
0b0100010110,ALU,OP_NOP,NONE,NONE,NONE,NONE,NONE,NONE,0,0,ZERO,0,NONE,0,0,0,0,0,0,NONE,0,1,dcbt,X
0b0011110110,ALU,OP_NOP,NONE,NONE,NONE,NONE,NONE,NONE,0,0,ZERO,0,NONE,0,0,0,0,0,0,NONE,0,1,dcbtst,X
0b1111110110,MMU,OP_DCBZ,RA_OR_ZERO,RB,NONE,NONE,NONE,NONE,0,0,ZERO,0,NONE,0,0,0,0,0,0,NONE,0,0,dcbz,X
0b0110001001,DIV,OP_DIVE,RA,RB,NONE,RT,NONE,CR0,0,0,ZERO,0,NONE,0,0,0,0,0,0,RC,0,0,divdeu,XO
0b1110001001,DIV,OP_DIVE,RA,RB,NONE,RT,NONE,CR0,0,0,ZERO,0,NONE,0,0,0,0,0,0,RC,0,0,divdeuo,XO
0b0110001011,DIV,OP_DIVE,RA,RB,NONE,RT,NONE,CR0,0,0,ZERO,0,NONE,0,0,0,0,1,0,RC,0,0,divweu,XO
0b1110001011,DIV,OP_DIVE,RA,RB,NONE,RT,NONE,CR0,0,0,ZERO,0,NONE,0,0,0,0,1,0,RC,0,0,divweuo,XO
0b0110101001,DIV,OP_DIVE,RA,RB,NONE,RT,NONE,CR0,0,0,ZERO,0,NONE,0,0,0,0,0,1,RC,0,0,divde,XO
0b1110101001,DIV,OP_DIVE,RA,RB,NONE,RT,NONE,CR0,0,0,ZERO,0,NONE,0,0,0,0,0,1,RC,0,0,divdeo,XO
0b0110101011,DIV,OP_DIVE,RA,RB,NONE,RT,NONE,CR0,0,0,ZERO,0,NONE,0,0,0,0,1,1,RC,0,0,divwe,XO
0b1110101011,DIV,OP_DIVE,RA,RB,NONE,RT,NONE,CR0,0,0,ZERO,0,NONE,0,0,0,0,1,1,RC,0,0,divweo,XO
0b0111001001,DIV,OP_DIV,RA,RB,NONE,RT,NONE,CR0,0,0,ZERO,0,NONE,0,0,0,0,0,0,RC,0,0,divdu,XO
0b1111001001,DIV,OP_DIV,RA,RB,NONE,RT,NONE,CR0,0,0,ZERO,0,NONE,0,0,0,0,0,0,RC,0,0,divduo,XO
0b0111001011,DIV,OP_DIV,RA,RB,NONE,RT,NONE,CR0,0,0,ZERO,0,NONE,0,0,0,0,1,0,RC,0,0,divwu,XO
0b1111001011,DIV,OP_DIV,RA,RB,NONE,RT,NONE,CR0,0,0,ZERO,0,NONE,0,0,0,0,1,0,RC,0,0,divwuo,XO
0b0111101001,DIV,OP_DIV,RA,RB,NONE,RT,NONE,CR0,0,0,ZERO,0,NONE,0,0,0,0,0,1,RC,0,0,divd,XO
0b1111101001,DIV,OP_DIV,RA,RB,NONE,RT,NONE,CR0,0,0,ZERO,0,NONE,0,0,0,0,0,1,RC,0,0,divdo,XO
0b0111101011,DIV,OP_DIV,RA,RB,NONE,RT,NONE,CR0,0,0,ZERO,0,NONE,0,0,0,0,1,1,RC,0,0,divw,XO
0b1111101011,DIV,OP_DIV,RA,RB,NONE,RT,NONE,CR0,0,0,ZERO,0,NONE,0,0,0,0,1,1,RC,0,0,divwo,XO
0b0100011100,LOGICAL,OP_XOR,RS,RB,NONE,RA,NONE,CR0,0,1,ZERO,0,NONE,0,0,0,0,0,0,RC,0,0,eqv,X
0b1110111010,ALU,OP_EXTS,RS,NONE,NONE,RA,NONE,CR0,0,0,ZERO,0,is1B,0,0,0,0,0,0,RC,0,0,extsb,X
0b1110011010,ALU,OP_EXTS,RS,NONE,NONE,RA,NONE,CR0,0,0,ZERO,0,is2B,0,0,0,0,0,0,RC,0,0,extsh,X
0b1111011010,ALU,OP_EXTS,RS,NONE,NONE,RA,NONE,CR0,0,0,ZERO,0,is4B,0,0,0,0,0,0,RC,0,0,extsw,X
0b1101111010,SHIFT_ROT,OP_EXTSWSLI,NONE,CONST_SH,RS,RA,NONE,CR0,0,0,ZERO,0,NONE,0,0,0,0,0,0,RC,0,0,extswsli,XS
0b1101111011,SHIFT_ROT,OP_EXTSWSLI,NONE,CONST_SH,RS,RA,NONE,CR0,0,0,ZERO,0,NONE,0,0,0,0,0,0,RC,0,0,extswsli,XS
0b1111010110,ALU,OP_ICBI,NONE,NONE,NONE,NONE,NONE,NONE,0,0,ZERO,0,NONE,0,0,0,0,0,0,NONE,0,1,icbi,X
0b0000010110,ALU,OP_NOP,NONE,NONE,NONE,NONE,NONE,NONE,0,0,ZERO,0,NONE,0,0,0,0,0,0,NONE,0,1,icbt,X
0b0000001111,CR,OP_ISEL,RA_OR_ZERO,RB,NONE,RT,BC,NONE,0,0,ZERO,0,NONE,0,0,0,0,0,0,NONE,0,1,isel,A
0b0000101111,CR,OP_ISEL,RA_OR_ZERO,RB,NONE,RT,BC,NONE,0,0,ZERO,0,NONE,0,0,0,0,0,0,NONE,0,1,isel,A
0b0001001111,CR,OP_ISEL,RA_OR_ZERO,RB,NONE,RT,BC,NONE,0,0,ZERO,0,NONE,0,0,0,0,0,0,NONE,0,1,isel,A
0b0001101111,CR,OP_ISEL,RA_OR_ZERO,RB,NONE,RT,BC,NONE,0,0,ZERO,0,NONE,0,0,0,0,0,0,NONE,0,1,isel,A
0b0010001111,CR,OP_ISEL,RA_OR_ZERO,RB,NONE,RT,BC,NONE,0,0,ZERO,0,NONE,0,0,0,0,0,0,NONE,0,1,isel,A
0b0010101111,CR,OP_ISEL,RA_OR_ZERO,RB,NONE,RT,BC,NONE,0,0,ZERO,0,NONE,0,0,0,0,0,0,NONE,0,1,isel,A
0b0011001111,CR,OP_ISEL,RA_OR_ZERO,RB,NONE,RT,BC,NONE,0,0,ZERO,0,NONE,0,0,0,0,0,0,NONE,0,1,isel,A
0b0011101111,CR,OP_ISEL,RA_OR_ZERO,RB,NONE,RT,BC,NONE,0,0,ZERO,0,NONE,0,0,0,0,0,0,NONE,0,1,isel,A
0b0100001111,CR,OP_ISEL,RA_OR_ZERO,RB,NONE,RT,BC,NONE,0,0,ZERO,0,NONE,0,0,0,0,0,0,NONE,0,1,isel,A
0b0100101111,CR,OP_ISEL,RA_OR_ZERO,RB,NONE,RT,BC,NONE,0,0,ZERO,0,NONE,0,0,0,0,0,0,NONE,0,1,isel,A
0b0101001111,CR,OP_ISEL,RA_OR_ZERO,RB,NONE,RT,BC,NONE,0,0,ZERO,0,NONE,0,0,0,0,0,0,NONE,0,1,isel,A
0b0101101111,CR,OP_ISEL,RA_OR_ZERO,RB,NONE,RT,BC,NONE,0,0,ZERO,0,NONE,0,0,0,0,0,0,NONE,0,1,isel,A
0b0110001111,CR,OP_ISEL,RA_OR_ZERO,RB,NONE,RT,BC,NONE,0,0,ZERO,0,NONE,0,0,0,0,0,0,NONE,0,1,isel,A
0b0110101111,CR,OP_ISEL,RA_OR_ZERO,RB,NONE,RT,BC,NONE,0,0,ZERO,0,NONE,0,0,0,0,0,0,NONE,0,1,isel,A
0b0111001111,CR,OP_ISEL,RA_OR_ZERO,RB,NONE,RT,BC,NONE,0,0,ZERO,0,NONE,0,0,0,0,0,0,NONE,0,1,isel,A
0b0111101111,CR,OP_ISEL,RA_OR_ZERO,RB,NONE,RT,BC,NONE,0,0,ZERO,0,NONE,0,0,0,0,0,0,NONE,0,1,isel,A
0b1000001111,CR,OP_ISEL,RA_OR_ZERO,RB,NONE,RT,BC,NONE,0,0,ZERO,0,NONE,0,0,0,0,0,0,NONE,0,1,isel,A
0b1000101111,CR,OP_ISEL,RA_OR_ZERO,RB,NONE,RT,BC,NONE,0,0,ZERO,0,NONE,0,0,0,0,0,0,NONE,0,1,isel,A
0b1001001111,CR,OP_ISEL,RA_OR_ZERO,RB,NONE,RT,BC,NONE,0,0,ZERO,0,NONE,0,0,0,0,0,0,NONE,0,1,isel,A
0b1001101111,CR,OP_ISEL,RA_OR_ZERO,RB,NONE,RT,BC,NONE,0,0,ZERO,0,NONE,0,0,0,0,0,0,NONE,0,1,isel,A
0b1010001111,CR,OP_ISEL,RA_OR_ZERO,RB,NONE,RT,BC,NONE,0,0,ZERO,0,NONE,0,0,0,0,0,0,NONE,0,1,isel,A
0b1010101111,CR,OP_ISEL,RA_OR_ZERO,RB,NONE,RT,BC,NONE,0,0,ZERO,0,NONE,0,0,0,0,0,0,NONE,0,1,isel,A
0b1011001111,CR,OP_ISEL,RA_OR_ZERO,RB,NONE,RT,BC,NONE,0,0,ZERO,0,NONE,0,0,0,0,0,0,NONE,0,1,isel,A
0b1011101111,CR,OP_ISEL,RA_OR_ZERO,RB,NONE,RT,BC,NONE,0,0,ZERO,0,NONE,0,0,0,0,0,0,NONE,0,1,isel,A
0b1100001111,CR,OP_ISEL,RA_OR_ZERO,RB,NONE,RT,BC,NONE,0,0,ZERO,0,NONE,0,0,0,0,0,0,NONE,0,1,isel,A
0b1100101111,CR,OP_ISEL,RA_OR_ZERO,RB,NONE,RT,BC,NONE,0,0,ZERO,0,NONE,0,0,0,0,0,0,NONE,0,1,isel,A
0b1101001111,CR,OP_ISEL,RA_OR_ZERO,RB,NONE,RT,BC,NONE,0,0,ZERO,0,NONE,0,0,0,0,0,0,NONE,0,1,isel,A
0b1101101111,CR,OP_ISEL,RA_OR_ZERO,RB,NONE,RT,BC,NONE,0,0,ZERO,0,NONE,0,0,0,0,0,0,NONE,0,1,isel,A
0b1110001111,CR,OP_ISEL,RA_OR_ZERO,RB,NONE,RT,BC,NONE,0,0,ZERO,0,NONE,0,0,0,0,0,0,NONE,0,1,isel,A
0b1110101111,CR,OP_ISEL,RA_OR_ZERO,RB,NONE,RT,BC,NONE,0,0,ZERO,0,NONE,0,0,0,0,0,0,NONE,0,1,isel,A
0b1111001111,CR,OP_ISEL,RA_OR_ZERO,RB,NONE,RT,BC,NONE,0,0,ZERO,0,NONE,0,0,0,0,0,0,NONE,0,1,isel,A
0b1111101111,CR,OP_ISEL,RA_OR_ZERO,RB,NONE,RT,BC,NONE,0,0,ZERO,0,NONE,0,0,0,0,0,0,NONE,0,1,isel,A
0b0000110100,LDST,OP_LOAD,RA_OR_ZERO,RB,NONE,RT,NONE,NONE,0,0,ZERO,0,is1B,0,0,0,1,0,0,NONE,0,1,lbarx,X
0b1101010101,LDST,OP_LOAD,RA_OR_ZERO,RB,NONE,RT,NONE,NONE,0,0,ZERO,0,is1B,0,0,cix,0,0,0,NONE,0,0,lbzcix,X
0b0001110111,LDST,OP_LOAD,RA_OR_ZERO,RB,NONE,RT,NONE,NONE,0,0,ZERO,0,is1B,0,0,1,0,0,0,NONE,0,1,lbzux,X
0b0001010111,LDST,OP_LOAD,RA_OR_ZERO,RB,NONE,RT,NONE,NONE,0,0,ZERO,0,is1B,0,0,0,0,0,0,NONE,0,1,lbzx,X
0b0001010100,LDST,OP_LOAD,RA_OR_ZERO,RB,NONE,RT,NONE,NONE,0,0,ZERO,0,is8B,0,0,0,1,0,0,NONE,0,1,ldarx,X
0b1000010100,LDST,OP_LOAD,RA_OR_ZERO,RB,NONE,RT,NONE,NONE,0,0,ZERO,0,is8B,1,0,0,0,0,0,NONE,0,1,ldbrx,X
0b1101110101,LDST,OP_LOAD,RA_OR_ZERO,RB,NONE,RT,NONE,NONE,0,0,ZERO,0,is8B,0,0,cix,0,0,0,NONE,0,0,ldcix,X
0b0000110101,LDST,OP_LOAD,RA_OR_ZERO,RB,NONE,RT,NONE,NONE,0,0,ZERO,0,is8B,0,0,1,0,0,0,NONE,0,1,ldux,X
0b0000010101,LDST,OP_LOAD,RA_OR_ZERO,RB,NONE,RT,NONE,NONE,0,0,ZERO,0,is8B,0,0,0,0,0,0,NONE,0,1,ldx,X
0b1001010111,LDST,OP_LOAD,RA_OR_ZERO,RB,NONE,FRT,NONE,NONE,0,0,ZERO,0,is8B,0,0,0,0,0,0,NONE,0,0,lfdx,X
0b1001110111,LDST,OP_LOAD,RA_OR_ZERO,RB,NONE,FRT,NONE,NONE,0,0,ZERO,0,is8B,0,0,1,0,0,0,NONE,0,0,lfdux,X
0b1101010111,LDST,OP_LOAD,RA_OR_ZERO,RB,NONE,FRT,NONE,NONE,0,0,ZERO,0,is4B,0,1,0,0,0,0,NONE,0,0,lfiwax,X
0b1101110111,LDST,OP_LOAD,RA_OR_ZERO,RB,NONE,FRT,NONE,NONE,0,0,ZERO,0,is4B,0,0,0,0,0,0,NONE,0,0,lfiwzx,X
0b1000010111,LDST,OP_LOAD,RA_OR_ZERO,RB,NONE,FRT,NONE,NONE,0,0,ZERO,0,is4B,0,0,0,0,1,0,NONE,0,0,lfsx,X
0b1000110111,LDST,OP_LOAD,RA_OR_ZERO,RB,NONE,FRT,NONE,NONE,0,0,ZERO,0,is4B,0,0,1,0,1,0,NONE,0,0,lfsux,X
0b0001110100,LDST,OP_LOAD,RA_OR_ZERO,RB,NONE,RT,NONE,NONE,0,0,ZERO,0,is2B,0,0,0,1,0,0,NONE,0,1,lharx,X
0b0101110111,LDST,OP_LOAD,RA_OR_ZERO,RB,NONE,RT,NONE,NONE,0,0,ZERO,0,is2B,0,1,1,0,0,0,NONE,0,1,lhaux,X
0b0101010111,LDST,OP_LOAD,RA_OR_ZERO,RB,NONE,RT,NONE,NONE,0,0,ZERO,0,is2B,0,1,0,0,0,0,NONE,0,1,lhax,X
0b1100010110,LDST,OP_LOAD,RA_OR_ZERO,RB,NONE,RT,NONE,NONE,0,0,ZERO,0,is2B,1,0,0,0,0,0,NONE,0,1,lhbrx,X
0b1100110101,LDST,OP_LOAD,RA_OR_ZERO,RB,NONE,RT,NONE,NONE,0,0,ZERO,0,is2B,0,0,cix,0,0,0,NONE,0,0,lhzcix,X
0b0100110111,LDST,OP_LOAD,RA_OR_ZERO,RB,NONE,RT,NONE,NONE,0,0,ZERO,0,is2B,0,0,1,0,0,0,NONE,0,1,lhzux,X
0b0100010111,LDST,OP_LOAD,RA_OR_ZERO,RB,NONE,RT,NONE,NONE,0,0,ZERO,0,is2B,0,0,0,0,0,0,NONE,0,1,lhzx,X
0b0000010100,LDST,OP_LOAD,RA_OR_ZERO,RB,NONE,RT,NONE,NONE,0,0,ZERO,0,is4B,0,0,0,1,0,0,NONE,0,1,lwarx,X
0b0101110101,LDST,OP_LOAD,RA_OR_ZERO,RB,NONE,RT,NONE,NONE,0,0,ZERO,0,is4B,0,1,1,0,0,0,NONE,0,1,lwaux,X
0b0101010101,LDST,OP_LOAD,RA_OR_ZERO,RB,NONE,RT,NONE,NONE,0,0,ZERO,0,is4B,0,1,0,0,0,0,NONE,0,1,lwax,X
0b1000010110,LDST,OP_LOAD,RA_OR_ZERO,RB,NONE,RT,NONE,NONE,0,0,ZERO,0,is4B,1,0,0,0,0,0,NONE,0,1,lwbrx,X
0b1100010101,LDST,OP_LOAD,RA_OR_ZERO,RB,NONE,RT,NONE,NONE,0,0,ZERO,0,is4B,0,0,cix,0,0,0,NONE,0,0,lwzcix,X
0b0000110111,LDST,OP_LOAD,RA_OR_ZERO,RB,NONE,RT,NONE,NONE,0,0,ZERO,0,is4B,0,0,1,0,0,0,NONE,0,1,lwzux,X
0b0000010111,LDST,OP_LOAD,RA_OR_ZERO,RB,NONE,RT,NONE,NONE,0,0,ZERO,0,is4B,0,0,0,0,0,0,NONE,0,1,lwzx,X
0b1000000000,,,,,,,,,,,,,,,,,,,,,,,mcrxr,X
0b1001000000,,,,,,,,,,,,,,,,,,,,,,,mcrxrx,X
0b0000010011,CR,OP_MFCR,NONE,NONE,NONE,RT,WHOLE_REG,NONE,0,0,ZERO,0,NONE,0,0,0,0,0,0,NONE,0,0,mfcr/mfocrf,XFX
0b0001010011,TRAP,OP_MFMSR,NONE,NONE,NONE,RT,NONE,NONE,0,0,ZERO,0,NONE,0,0,0,0,0,0,NONE,0,1,mfmsr,X
0b0101010011,SPR,OP_MFSPR,SPR,NONE,NONE,RT,NONE,NONE,0,0,ZERO,0,NONE,0,0,0,0,0,0,NONE,0,0,mfspr,XFX
0b0100001001,DIV,OP_MOD,RA,RB,NONE,RT,NONE,NONE,0,0,ZERO,0,NONE,0,0,0,0,0,0,NONE,0,0,modud,X
0b0100001011,DIV,OP_MOD,RA,RB,NONE,RT,NONE,NONE,0,0,ZERO,0,NONE,0,0,0,0,1,0,NONE,0,0,moduw,X
0b1100001001,DIV,OP_MOD,RA,RB,NONE,RT,NONE,NONE,0,0,ZERO,0,NONE,0,0,0,0,0,1,NONE,0,0,modsd,X
0b1100001011,DIV,OP_MOD,RA,RB,NONE,RT,NONE,NONE,0,0,ZERO,0,NONE,0,0,0,0,1,1,NONE,0,0,modsw,X
0b0010010000,CR,OP_MTCRF,RS,NONE,NONE,NONE,WHOLE_REG,WHOLE_REG,0,0,ZERO,0,NONE,0,0,0,0,0,0,NONE,0,0,mtcrf/mtocrf,XFX
0b0010110010,TRAP,OP_MTMSRD,RS,NONE,NONE,NONE,NONE,NONE,0,0,ZERO,0,NONE,0,0,0,0,0,0,NONE,0,1,mtmsrd,X
0b0010010010,TRAP,OP_MTMSR,RS,NONE,NONE,NONE,NONE,NONE,0,0,ZERO,0,NONE,0,0,0,0,0,0,NONE,0,1,mtmsr,X
0b0111010011,SPR,OP_MTSPR,RS,NONE,NONE,SPR,NONE,NONE,0,0,ZERO,0,NONE,0,0,0,0,0,0,NONE,0,0,mtspr,XFX
0b0001001001,MUL,OP_MUL_H64,RA,RB,NONE,RT,NONE,CR0,0,0,ZERO,0,NONE,0,0,0,0,0,1,RC,0,0,mulhd,XO
0b0000001001,MUL,OP_MUL_H64,RA,RB,NONE,RT,NONE,CR0,0,0,ZERO,0,NONE,0,0,0,0,0,0,RC,0,0,mulhdu,XO
0b0001001011,MUL,OP_MUL_H32,RA,RB,NONE,RT,NONE,CR0,0,0,ZERO,0,NONE,0,0,0,0,1,1,RC,0,0,mulhw,XO
0b0000001011,MUL,OP_MUL_H32,RA,RB,NONE,RT,NONE,CR0,0,0,ZERO,0,NONE,0,0,0,0,1,0,RC,0,0,mulhwu,XO
0b1001001001,MUL,OP_MUL_H64,RA,RB,NONE,RT,NONE,CR0,0,0,ZERO,0,NONE,0,0,0,0,0,1,RC,0,0,mulhd,XO
0b1000001001,MUL,OP_MUL_H64,RA,RB,NONE,RT,NONE,CR0,0,0,ZERO,0,NONE,0,0,0,0,0,0,RC,0,0,mulhdu,XO
0b1001001011,MUL,OP_MUL_H32,RA,RB,NONE,RT,NONE,CR0,0,0,ZERO,0,NONE,0,0,0,0,1,1,RC,0,0,mulhw,XO
0b1000001011,MUL,OP_MUL_H32,RA,RB,NONE,RT,NONE,CR0,0,0,ZERO,0,NONE,0,0,0,0,1,0,RC,0,0,mulhwu,XO
0b0011101001,MUL,OP_MUL_L64,RA,RB,NONE,RT,NONE,CR0,0,0,ZERO,0,NONE,0,0,0,0,0,1,RC,0,0,mulld,XO
0b1011101001,MUL,OP_MUL_L64,RA,RB,NONE,RT,NONE,CR0,0,0,ZERO,0,NONE,0,0,0,0,0,1,RC,0,0,mulldo,XO
0b0011101011,MUL,OP_MUL_L64,RA,RB,NONE,RT,NONE,CR0,0,0,ZERO,0,NONE,0,0,0,0,1,1,RC,0,0,mullw,XO
0b1011101011,MUL,OP_MUL_L64,RA,RB,NONE,RT,NONE,CR0,0,0,ZERO,0,NONE,0,0,0,0,1,1,RC,0,0,mullwo,XO
0b0111011100,LOGICAL,OP_AND,RS,RB,NONE,RA,NONE,CR0,0,1,ZERO,0,NONE,0,0,0,0,0,0,RC,0,0,nand,X
0b0001101000,ALU,OP_ADD,RA,NONE,NONE,RT,NONE,NONE,1,0,ONE,0,NONE,0,0,0,0,0,0,RC,0,0,neg,XO
0b1001101000,ALU,OP_ADD,RA,NONE,NONE,RT,NONE,NONE,1,0,ONE,0,NONE,0,0,0,0,0,0,RC,0,0,nego,XO
0b0001111100,LOGICAL,OP_OR,RS,RB,NONE,RA,NONE,CR0,0,1,ZERO,0,NONE,0,0,0,0,0,0,RC,0,0,nor,X
0b0110111100,LOGICAL,OP_OR,RS,RB,NONE,RA,NONE,CR0,0,0,ZERO,0,NONE,0,0,0,0,0,0,RC,0,0,or,X
0b0110011100,LOGICAL,OP_OR,RS,RB,NONE,RA,NONE,CR0,1,0,ZERO,0,NONE,0,0,0,0,0,0,RC,0,0,orc,X
0b0001111010,LOGICAL,OP_POPCNT,RS,NONE,NONE,RA,NONE,NONE,0,0,ZERO,0,is1B,0,0,0,0,0,0,NONE,0,0,popcntb,X
0b0111111010,LOGICAL,OP_POPCNT,RS,NONE,NONE,RA,NONE,NONE,0,0,ZERO,0,is8B,0,0,0,0,0,0,NONE,0,0,popcntd,X
0b0101111010,LOGICAL,OP_POPCNT,RS,NONE,NONE,RA,NONE,NONE,0,0,ZERO,0,is4B,0,0,0,0,0,0,NONE,0,0,popcntw,X
0b0010111010,LOGICAL,OP_PRTY,RS,NONE,NONE,RA,NONE,NONE,0,0,ZERO,0,is8B,0,0,0,0,0,0,NONE,0,0,prtyd,X
0b0010011010,LOGICAL,OP_PRTY,RS,NONE,NONE,RA,NONE,NONE,0,0,ZERO,0,is4B,0,0,0,0,0,0,NONE,0,0,prtyw,X
0b0010000000,CR,OP_SETB,NONE,NONE,NONE,RT,BFA,NONE,0,0,ZERO,0,NONE,0,0,0,0,0,0,NONE,0,0,setb,VX
0b0111110010,MMU,OP_TLBIE,NONE,NONE,NONE,NONE,NONE,NONE,0,0,ZERO,0,NONE,0,0,0,0,0,0,NONE,0,0,slbia,X
0b0000011011,SHIFT_ROT,OP_SHL,NONE,RB,RS,RA,NONE,CR0,0,0,ZERO,0,NONE,0,0,0,0,0,0,RC,0,0,sld,X
0b0000011000,SHIFT_ROT,OP_SHL,NONE,RB,RS,RA,NONE,CR0,0,0,ZERO,0,NONE,0,0,0,0,1,0,RC,0,0,slw,X
0b1100011010,SHIFT_ROT,OP_SHR,NONE,RB,RS,RA,NONE,CR0,0,0,ZERO,1,NONE,0,0,0,0,0,1,RC,0,0,srad,X
0b1100111010,SHIFT_ROT,OP_SHR,NONE,CONST_SH,RS,RA,NONE,CR0,0,0,ZERO,1,NONE,0,0,0,0,0,1,RC,0,0,sradi,XS
0b1100111011,SHIFT_ROT,OP_SHR,NONE,CONST_SH,RS,RA,NONE,CR0,0,0,ZERO,1,NONE,0,0,0,0,0,1,RC,0,0,sradi,XS
0b1100011000,SHIFT_ROT,OP_SHR,NONE,RB,RS,RA,NONE,CR0,0,0,ZERO,1,NONE,0,0,0,0,1,1,RC,0,0,sraw,X
0b1100111000,SHIFT_ROT,OP_SHR,NONE,CONST_SH32,RS,RA,NONE,CR0,0,0,ZERO,1,NONE,0,0,0,0,1,1,RC,0,0,srawi,X
0b1000011011,SHIFT_ROT,OP_SHR,NONE,RB,RS,RA,NONE,CR0,0,0,ZERO,0,NONE,0,0,0,0,0,0,RC,0,0,srd,X
0b1000011000,SHIFT_ROT,OP_SHR,NONE,RB,RS,RA,NONE,CR0,0,0,ZERO,0,NONE,0,0,0,0,1,0,RC,0,0,srw,X
0b1111010101,LDST,OP_STORE,RA_OR_ZERO,RB,RS,NONE,NONE,NONE,0,0,ZERO,0,is1B,0,0,cix,0,0,0,NONE,0,1,stbcix,X
0b1010110110,LDST,OP_STORE,RA_OR_ZERO,RB,RS,NONE,NONE,CR0,0,0,ZERO,0,is1B,0,0,0,1,0,0,ONE,0,1,stbcx,X
0b0011110111,LDST,OP_STORE,RA_OR_ZERO,RB,RS,NONE,NONE,NONE,0,0,ZERO,0,is1B,0,0,1,0,0,0,RC,0,1,stbux,X
0b0011010111,LDST,OP_STORE,RA_OR_ZERO,RB,RS,NONE,NONE,NONE,0,0,ZERO,0,is1B,0,0,0,0,0,0,NONE,0,1,stbx,X
0b1010010100,LDST,OP_STORE,RA_OR_ZERO,RB,RS,NONE,NONE,NONE,0,0,ZERO,0,is8B,1,0,0,0,0,0,NONE,0,1,stdbrx,X
0b1111110101,LDST,OP_STORE,RA_OR_ZERO,RB,RS,NONE,NONE,NONE,0,0,ZERO,0,is8B,0,0,cix,0,0,0,NONE,0,1,stdcix,X
0b0011010110,LDST,OP_STORE,RA_OR_ZERO,RB,RS,NONE,NONE,CR0,0,0,ZERO,0,is8B,0,0,0,1,0,0,ONE,0,1,stdcx,X
0b0010110101,LDST,OP_STORE,RA_OR_ZERO,RB,RS,NONE,NONE,NONE,0,0,ZERO,0,is8B,0,0,1,0,0,0,NONE,0,1,stdux,X
0b0010010101,LDST,OP_STORE,RA_OR_ZERO,RB,RS,NONE,NONE,NONE,0,0,ZERO,0,is8B,0,0,0,0,0,0,NONE,0,1,stdx,X
0b1011010111,LDST,OP_STORE,RA_OR_ZERO,RB,FRS,NONE,NONE,NONE,0,0,ZERO,0,is8B,0,0,0,0,0,0,NONE,0,0,stfdx,X
0b1011110111,LDST,OP_STORE,RA_OR_ZERO,RB,FRS,NONE,NONE,NONE,0,0,ZERO,0,is8B,0,0,1,0,0,0,NONE,0,0,stfdux,X
0b1111010111,LDST,OP_STORE,RA_OR_ZERO,RB,FRS,NONE,NONE,NONE,0,0,ZERO,0,is4B,0,0,0,0,0,0,NONE,0,0,stfiwx,X
0b1010010111,LDST,OP_STORE,RA_OR_ZERO,RB,FRS,NONE,NONE,NONE,0,0,ZERO,0,is4B,0,0,0,0,1,0,NONE,0,0,stfsx,X
0b1010110111,LDST,OP_STORE,RA_OR_ZERO,RB,FRS,NONE,NONE,NONE,0,0,ZERO,0,is4B,0,0,1,0,1,0,NONE,0,0,stfsux,X
0b1110010110,LDST,OP_STORE,RA_OR_ZERO,RB,RS,NONE,NONE,NONE,0,0,ZERO,0,is2B,1,0,0,0,0,0,NONE,0,1,sthbrx,X
0b1110110101,LDST,OP_STORE,RA_OR_ZERO,RB,RS,NONE,NONE,NONE,0,0,ZERO,0,is2B,0,0,cix,0,0,0,NONE,0,1,sthcix,X
0b1011010110,LDST,OP_STORE,RA_OR_ZERO,RB,RS,NONE,NONE,CR0,0,0,ZERO,0,is2B,0,0,0,1,0,0,ONE,0,1,sthcx,X
0b0110110111,LDST,OP_STORE,RA_OR_ZERO,RB,RS,NONE,NONE,NONE,0,0,ZERO,0,is2B,0,0,1,0,0,0,NONE,0,1,sthux,X
0b0110010111,LDST,OP_STORE,RA_OR_ZERO,RB,RS,NONE,NONE,NONE,0,0,ZERO,0,is2B,0,0,0,0,0,0,NONE,0,1,sthx,X
0b1010010110,LDST,OP_STORE,RA_OR_ZERO,RB,RS,NONE,NONE,NONE,0,0,ZERO,0,is4B,1,0,0,0,0,0,NONE,0,1,stwbrx,X
0b1110010101,LDST,OP_STORE,RA_OR_ZERO,RB,RS,NONE,NONE,NONE,0,0,ZERO,0,is4B,0,0,cix,0,0,0,NONE,0,1,stwcix,X
0b0010010110,LDST,OP_STORE,RA_OR_ZERO,RB,RS,NONE,NONE,CR0,0,0,ZERO,0,is4B,0,0,0,1,0,0,ONE,0,1,stwcx,X
0b0010110111,LDST,OP_STORE,RA_OR_ZERO,RB,RS,NONE,NONE,NONE,0,0,ZERO,0,is4B,0,0,1,0,0,0,NONE,0,1,stwux,X
0b0010010111,LDST,OP_STORE,RA_OR_ZERO,RB,RS,NONE,NONE,NONE,0,0,ZERO,0,is4B,0,0,0,0,0,0,NONE,0,1,stwx,X
0b0000101000,ALU,OP_ADD,RA,RB,NONE,RT,NONE,CR0,1,0,ONE,0,NONE,0,0,0,0,0,0,RC,0,0,subf,XO
0b1000101000,ALU,OP_ADD,RA,RB,NONE,RT,NONE,CR0,1,0,ONE,0,NONE,0,0,0,0,0,0,RC,0,0,subfo,XO
0b0000001000,ALU,OP_ADD,RA,RB,NONE,RT,NONE,CR0,1,0,ONE,1,NONE,0,0,0,0,0,0,RC,0,0,subfc,XO
0b1000001000,ALU,OP_ADD,RA,RB,NONE,RT,NONE,CR0,1,0,ONE,1,NONE,0,0,0,0,0,0,RC,0,0,subfco,XO
0b0010001000,ALU,OP_ADD,RA,RB,NONE,RT,NONE,CR0,1,0,CA,1,NONE,0,0,0,0,0,0,RC,0,0,subfe,XO
0b1010001000,ALU,OP_ADD,RA,RB,NONE,RT,NONE,CR0,1,0,CA,1,NONE,0,0,0,0,0,0,RC,0,0,subfeo,XO
0b0011101000,ALU,OP_ADD,RA,CONST_M1,NONE,RT,NONE,CR0,1,0,CA,1,NONE,0,0,0,0,0,0,RC,0,0,subfme,XO
0b1011101000,ALU,OP_ADD,RA,CONST_M1,NONE,RT,NONE,CR0,1,0,CA,1,NONE,0,0,0,0,0,0,RC,0,0,subfmeo,XO
0b0011001000,ALU,OP_ADD,RA,NONE,NONE,RT,NONE,CR0,1,0,CA,1,NONE,0,0,0,0,0,0,RC,0,0,subfze,XO
0b1011001000,ALU,OP_ADD,RA,NONE,NONE,RT,NONE,CR0,1,0,CA,1,NONE,0,0,0,0,0,0,RC,0,0,subfzeo,XO
0b1001010110,ALU,OP_NOP,NONE,NONE,NONE,NONE,NONE,NONE,0,0,ZERO,0,NONE,0,0,0,0,0,0,NONE,0,1,sync,X
0b0001000100,TRAP,OP_TRAP,RA,RB,NONE,NONE,NONE,NONE,0,0,ZERO,0,NONE,0,0,0,0,0,0,NONE,0,1,td,X
0b0000000100,TRAP,OP_TRAP,RA,RB,NONE,NONE,NONE,NONE,0,0,ZERO,0,NONE,0,0,0,0,1,0,NONE,0,1,tw,X
0b0100110010,MMU,OP_TLBIE,NONE,RB,NONE,NONE,NONE,NONE,0,0,ZERO,0,NONE,0,0,0,0,0,0,NONE,0,0,tlbie,X
0b0100010010,MMU,OP_TLBIE,NONE,RB,NONE,NONE,NONE,NONE,0,0,ZERO,0,NONE,0,0,0,0,0,0,NONE,0,0,tlbiel,X
0b0100111100,LOGICAL,OP_XOR,RS,RB,NONE,RA,NONE,CR0,0,0,ZERO,0,NONE,0,0,0,0,0,0,RC,0,0,xor,X
